URL,Marque,Modele,Annee,Kilometrage,Carburant,Transmission,Prix
https://www.moteur.ma/fr/voiture/achat-voiture-occasion/detail-annonce/509427/dacia-sandero.html,Dacia,Sandero,2024,61000 ,Diesel,Manuelle,79000
https://www.moteur.ma/fr/voiture/achat-voiture-occasion/detail-annonce/509426/audi-a1.html,Audi,A1,2018,120000 ,Diesel,Automatique,195000
https://www.moteur.ma/fr/voiture/achat-voiture-occasion/detail-annonce/509425/opel-astra.html,Opel,Astra,2012,316000 ,Diesel,Manuelle,93000
https://www.moteur.ma/fr/voiture/achat-voiture-occasion/detail-annonce/509424/volkswagen-passat.html,Volkswagen,Passat,2015,200000 ,Diesel,Manuelle,163000
https://www.moteur.ma/fr/voiture/achat-voiture-occasion/detail-annonce/509423/dacia-logan.html,Dacia,Logan,2014,280000 ,Diesel,Manuelle,68000
https://www.moteur.ma/fr/voiture/achat-voiture-occasion/detail-annonce/509422/jeep-wrangler.html,Jeep,Wrangler,2023,32000 ,Diesel,Automatique,195000
https://www.moteur.ma/fr/voiture/achat-voiture-occasion/detail-annonce/509421/volkswagen-tiguan.html,Volkswagen,Tiguan,2018,130000 ,Diesel,Automatique,3800000
https://www.moteur.ma/fr/voiture/achat-voiture-occasion/detail-annonce/509420/changan-uni-k.html,Changan,UNI-K,2025,21000 ,Essence,Automatique,295000
https://www.moteur.ma/fr/voiture/achat-voiture-occasion/detail-annonce/509419/volkswagen-touareg.html,Volkswagen,Touareg,2014,228800 ,Diesel,Automatique,163000
https://www.moteur.ma/fr/voiture/achat-voiture-occasion/detail-annonce/509418/renault-megane.html,Renault,Megane,2006,270000 ,Diesel,Manuelle,78000
https://www.moteur.ma/fr/voiture/achat-voiture-occasion/detail-annonce/509417/volkswagen-polo.html,Volkswagen,Polo,2007,183000 ,Essence,Manuelle,67000
https://www.moteur.ma/fr/voiture/achat-voiture-occasion/detail-annonce/509416/toyota-yaris.html,Toyota,Yaris,2005,125000 ,Essence,Manuelle,50000
https://www.moteur.ma/fr/voiture/achat-voiture-occasion/detail-annonce/509415/renault-megane.html,Renault,Megane,2006,270000 ,Diesel,Manuelle,78000
https://www.moteur.ma/fr/voiture/achat-voiture-occasion/detail-annonce/509414/hyundai-tucson.html,Hyundai,Tucson,2023,55000 ,Diesel,Automatique,250000
https://www.moteur.ma/fr/voiture/achat-voiture-occasion/detail-annonce/509413/kia-sorento.html,Kia,Sorento,2024,33000 ,Diesel,Automatique,500000
https://www.moteur.ma/fr/voiture/achat-voiture-occasion/detail-annonce/509412/hyundai-tucson.html,Hyundai,Tucson,2018,300000 ,Diesel,Manuelle,150000
https://www.moteur.ma/fr/voiture/achat-voiture-occasion/detail-annonce/509411/fiat-uno.html,Fiat,Uno,1996,32600 ,Diesel,Manuelle,24000
https://www.moteur.ma/fr/voiture/achat-voiture-occasion/detail-annonce/509410/peugeot-208.html,Peugeot,208,2020,160000 ,Diesel,Manuelle,132000
https://www.moteur.ma/fr/voiture/achat-voiture-occasion/detail-annonce/509409/dacia-sandero.html,Dacia,Sandero,2012,190600 ,Diesel,Manuelle,70000
https://www.moteur.ma/fr/voiture/achat-voiture-occasion/detail-annonce/509408/audi-q7.html,Audi,Q7,2008,250000 ,Diesel,Automatique,95000
https://www.moteur.ma/fr/voiture/achat-voiture-occasion/detail-annonce/509407/volkswagen-golf-4.html,Volkswagen,Golf 4,2007,350 ,Diesel,Manuelle,78000
https://www.moteur.ma/fr/voiture/achat-voiture-occasion/detail-annonce/509406/ford-focus.html,Ford,Focus,2013,230000 ,Diesel,Manuelle,119000
https://www.moteur.ma/fr/voiture/achat-voiture-occasion/detail-annonce/509405/citroen-c-elysee.html,Citroën,C-Elysée,2021,85000 ,Diesel,Manuelle,119000
https://www.moteur.ma/fr/voiture/achat-voiture-occasion/detail-annonce/509404/opel-adam.html,Opel,Adam,2017,135000 ,Essence,Manuelle,93000
https://www.moteur.ma/fr/voiture/achat-voiture-occasion/detail-annonce/509403/dacia-sandero.html,Dacia,Sandero,2019,85 ,Diesel,Manuelle,135000
https://www.moteur.ma/fr/voiture/achat-voiture-occasion/detail-annonce/509402/renault-r19.html,Renault,R19,1992,100000 ,Diesel,Manuelle,45000
https://www.moteur.ma/fr/voiture/achat-voiture-occasion/detail-annonce/509401/opel-astra.html,Opel,Astra,2005,400000 ,Diesel,Manuelle,68000
https://www.moteur.ma/fr/voiture/achat-voiture-occasion/detail-annonce/509400/opel-grandland.html,Opel,Grandland,2022,70000 ,Diesel,Automatique,233000
https://www.moteur.ma/fr/voiture/achat-voiture-occasion/detail-annonce/509396/volkswagen-tiguan.html,Volkswagen,Tiguan,2017,205000 ,Diesel,Manuelle,220000
https://www.moteur.ma/fr/voiture/achat-voiture-occasion/detail-annonce/509395/opel-mokka.html,Opel,Mokka,2023,80000 ,Diesel,Manuelle,240000
https://www.moteur.ma/fr/voiture/achat-voiture-occasion/detail-annonce/509394/renault-megane.html,Renault,Megane,2006,300000 ,Diesel,Manuelle,78000
https://www.moteur.ma/fr/voiture/achat-voiture-occasion/detail-annonce/509393/dacia-sandero.html,Dacia,Sandero,2014,200000 ,Diesel,Manuelle,110000
https://www.moteur.ma/fr/voiture/achat-voiture-occasion/detail-annonce/509392/peugeot-407.html,Peugeot,407,2006,350000 ,Diesel,Automatique,59000
https://www.moteur.ma/fr/voiture/achat-voiture-occasion/detail-annonce/509391/dacia-sandero.html,Dacia,Sandero,2012,190600 ,Diesel,Manuelle,70000
https://www.moteur.ma/fr/voiture/achat-voiture-occasion/detail-annonce/509390/bmw-serie-5.html,BMW,Série 5,2015,190000 ,Diesel,Automatique,37
https://www.moteur.ma/fr/voiture/achat-voiture-occasion/detail-annonce/509389/peugeot-208.html,Peugeot,208,2024,90000 ,Diesel,Manuelle,132000
https://www.moteur.ma/fr/voiture/achat-voiture-occasion/detail-annonce/509388/volkswagen-passat.html,Volkswagen,Passat,2008,500000 ,Diesel,Manuelle,88000
https://www.moteur.ma/fr/voiture/achat-voiture-occasion/detail-annonce/509387/fiat-uno.html,Fiat,Uno,1996,32600 ,Diesel,Manuelle,24000
https://www.moteur.ma/fr/voiture/achat-voiture-occasion/detail-annonce/509386/hyundai-tucson.html,Hyundai,Tucson,2017,165000 ,Diesel,Automatique,192000
https://www.moteur.ma/fr/voiture/achat-voiture-occasion/detail-annonce/509385/seat-leon.html,Seat,Leon,2017,36900 ,Diesel,Manuelle,187000
https://www.moteur.ma/fr/voiture/achat-voiture-occasion/detail-annonce/509384/dacia-sandero.html,Dacia,Sandero,2019,85 ,Diesel,Manuelle,135000
https://www.moteur.ma/fr/voiture/achat-voiture-occasion/detail-annonce/509383/dacia-duster.html,Dacia,Duster,2022,90000 ,Diesel,Automatique,216000
https://www.moteur.ma/fr/voiture/achat-voiture-occasion/detail-annonce/509382/renault-megane.html,Renault,Megane,2006,400000 ,Diesel,Manuelle,78000
https://www.moteur.ma/fr/voiture/achat-voiture-occasion/detail-annonce/509381/ford-kuga.html,Ford,Kuga,2017,256000 ,Diesel,Manuelle,168000
https://www.moteur.ma/fr/voiture/achat-voiture-occasion/detail-annonce/509380/mercedes-benz-classe-a.html,Mercedes-Benz,Classe A,2001,280 ,Diesel,Manuelle,30000
https://www.moteur.ma/fr/voiture/achat-voiture-occasion/detail-annonce/509379/peugeot-407.html,Peugeot,407,2008,300000 ,Diesel,Manuelle,132000
https://www.moteur.ma/fr/voiture/achat-voiture-occasion/detail-annonce/509378/mercedes-benz-250.html,Mercedes-Benz,250,1988,630000 ,Diesel,Manuelle,50000
https://www.moteur.ma/fr/voiture/achat-voiture-occasion/detail-annonce/509377/dacia-sandero.html,Dacia,Sandero,2021,150000 ,Diesel,Manuelle,79000
https://www.moteur.ma/fr/voiture/achat-voiture-occasion/detail-annonce/509376/mercedes-benz-250.html,Mercedes-Benz,250,1988,633000 ,Diesel,Manuelle,50000
https://www.moteur.ma/fr/voiture/achat-voiture-occasion/detail-annonce/509375/toyota-yaris.html,Toyota,Yaris,2009,160 ,Essence,Manuelle,65000
https://www.moteur.ma/fr/voiture/achat-voiture-occasion/detail-annonce/509374/toyota-corolla.html,Toyota,Corolla,2024,28000 ,Hybride,Automatique,285000
https://www.moteur.ma/fr/voiture/achat-voiture-occasion/detail-annonce/509373/mercedes-benz-classe-gla.html,Mercedes-Benz,Classe GLA,2021,99000 ,Diesel,Automatique,320000
https://www.moteur.ma/fr/voiture/achat-voiture-occasion/detail-annonce/509372/peugeot-206.html,Peugeot,206,2012,50 ,Essence,Manuelle,132000
https://www.moteur.ma/fr/voiture/achat-voiture-occasion/detail-annonce/509371/volkswagen-golf-8.html,Volkswagen,Golf 8,2024,70000 ,Diesel,Automatique,163000
https://www.moteur.ma/fr/voiture/achat-voiture-occasion/detail-annonce/509370/hyundai-santa-fe.html,Hyundai,Santa Fe,2021,130000 ,Diesel,Automatique,220000
https://www.moteur.ma/fr/voiture/achat-voiture-occasion/detail-annonce/509369/peugeot-206.html,Peugeot,206,2012,50 ,Essence,Manuelle,132000
https://www.moteur.ma/fr/voiture/achat-voiture-occasion/detail-annonce/509368/volkswagen-touareg.html,Volkswagen,Touareg,2009,200000 ,Diesel,Automatique,77000
https://www.moteur.ma/fr/voiture/achat-voiture-occasion/detail-annonce/509367/audi-q5.html,Audi,Q5,2022,140000 ,Diesel,Automatique,300000
https://www.moteur.ma/fr/voiture/achat-voiture-occasion/detail-annonce/509366/fiat-500l.html,Fiat,500 L,2014,98000 ,Diesel,Manuelle,24000
https://www.moteur.ma/fr/voiture/achat-voiture-occasion/detail-annonce/509365/renault-12.html,Renault,12,1980,40000 ,Essence,Manuelle,15000
https://www.moteur.ma/fr/voiture/achat-voiture-occasion/detail-annonce/509364/fiat-500l.html,Fiat,500 L,2014,98000 ,Diesel,Manuelle,111
https://www.moteur.ma/fr/voiture/achat-voiture-occasion/detail-annonce/509363/fiat-siena.html,Fiat,Siena,1999,33300 ,Essence,Manuelle,20000
https://www.moteur.ma/fr/voiture/achat-voiture-occasion/detail-annonce/509362/dacia-logan.html,Dacia,Logan,2012,175000 ,Essence,Manuelle,48000
https://www.moteur.ma/fr/voiture/achat-voiture-occasion/detail-annonce/509361/seat-ateca.html,Seat,Ateca,2022,223000 ,Diesel,Automatique,330000
https://www.moteur.ma/fr/voiture/achat-voiture-occasion/detail-annonce/509360/dacia-sandero.html,Dacia,Sandero,2014,200000 ,Diesel,Manuelle,110000
https://www.moteur.ma/fr/voiture/achat-voiture-occasion/detail-annonce/509359/mercedes-benz-classe-c.html,Mercedes-Benz,Classe C,2005,415000 ,Diesel,Manuelle,85000
https://www.moteur.ma/fr/voiture/achat-voiture-occasion/detail-annonce/509358/hyundai-tucson.html,Hyundai,Tucson,2021,87000 ,Diesel,Automatique,260000
https://www.moteur.ma/fr/voiture/achat-voiture-occasion/detail-annonce/509357/peugeot-208.html,Peugeot,208,2020,190000 ,Diesel,Manuelle,132000
https://www.moteur.ma/fr/voiture/achat-voiture-occasion/detail-annonce/509356/dacia-lodgy.html,Dacia,Lodgy,2023,118000 ,Diesel,Manuelle,167000
https://www.moteur.ma/fr/voiture/achat-voiture-occasion/detail-annonce/509355/peugeot-301.html,Peugeot,301,2021,200000 ,Diesel,Manuelle,132000
https://www.moteur.ma/fr/voiture/achat-voiture-occasion/detail-annonce/509354/mercedes-benz-200.html,Mercedes-Benz,200,2005,415000 ,Diesel,Manuelle,85000
https://www.moteur.ma/fr/voiture/achat-voiture-occasion/detail-annonce/509353/peugeot-301.html,Peugeot,301,2021,200000 ,Diesel,Manuelle,132000
https://www.moteur.ma/fr/voiture/achat-voiture-occasion/detail-annonce/509352/hyundai-accent.html,Hyundai,Accent,2018,141 ,Diesel,Manuelle,250000
https://www.moteur.ma/fr/voiture/achat-voiture-occasion/detail-annonce/509351/mercedes-benz-classe-a.html,Mercedes-Benz,Classe A,2016,258000 ,Diesel,Manuelle,159000
https://www.moteur.ma/fr/voiture/achat-voiture-occasion/detail-annonce/509350/bmw-serie-1.html,BMW,Série 1,2024,38000 ,Diesel,Automatique,37
https://www.moteur.ma/fr/voiture/achat-voiture-occasion/detail-annonce/509349/renault-megane.html,Renault,Megane,2019,89000 ,Diesel,Automatique,78000
https://www.moteur.ma/fr/voiture/achat-voiture-occasion/detail-annonce/509348/citroen-c-elysee.html,Citroën,C-Elysée,2023,121000 ,Diesel,Manuelle,62000
https://www.moteur.ma/fr/voiture/achat-voiture-occasion/detail-annonce/509347/peugeot-3008.html,Peugeot,3008,2022,86000 ,Diesel,Automatique,132000
https://www.moteur.ma/fr/voiture/achat-voiture-occasion/detail-annonce/509346/audi-a6.html,Audi,A6,2019,20000 ,Diesel,Automatique,22000
https://www.moteur.ma/fr/voiture/achat-voiture-occasion/detail-annonce/509345/audi-a6.html,Audi,A6,2019,2000 ,Diesel,Automatique,2200000
https://www.moteur.ma/fr/voiture/achat-voiture-occasion/detail-annonce/509344/mercedes-benz-classe-a.html,Mercedes-Benz,Classe A,2016,258000 ,Diesel,Automatique,159000
https://www.moteur.ma/fr/voiture/achat-voiture-occasion/detail-annonce/509343/skoda-octavia.html,Skoda,Octavia,2001,390000 ,Diesel,Manuelle,55000
https://www.moteur.ma/fr/voiture/achat-voiture-occasion/detail-annonce/509342/honda-accord.html,Honda,Accord,2010,205000 ,Diesel,Manuelle,108000
https://www.moteur.ma/fr/voiture/achat-voiture-occasion/detail-annonce/509341/fiat-uno.html,Fiat,Uno,1998,0 ,Essence,Manuelle,25000
https://www.moteur.ma/fr/voiture/achat-voiture-occasion/detail-annonce/509340/jeep-grand-cherokee.html,Jeep,Grand Cherokee,2019,85857 ,Diesel,Automatique,195000
https://www.moteur.ma/fr/voiture/achat-voiture-occasion/detail-annonce/509339/dacia-logan.html,Dacia,Logan,2014,190000 ,Diesel,Manuelle,950000
https://www.moteur.ma/fr/voiture/achat-voiture-occasion/detail-annonce/509338/volkswagen-passat.html,Volkswagen,Passat,1999,260000 ,Diesel,Manuelle,55000
https://www.moteur.ma/fr/voiture/achat-voiture-occasion/detail-annonce/509337/mercedes-benz-classe-c.html,Mercedes-Benz,Classe C,2013,220000 ,Diesel,Automatique,159000
https://www.moteur.ma/fr/voiture/achat-voiture-occasion/detail-annonce/509336/citroen-c-elysee.html,Citroën,C-Elysée,2023,121000 ,Diesel,Manuelle,120800
https://www.moteur.ma/fr/voiture/achat-voiture-occasion/detail-annonce/509335/dacia-sandero.html,Dacia,Sandero,2021,88000 ,Diesel,Manuelle,79000
https://www.moteur.ma/fr/voiture/achat-voiture-occasion/detail-annonce/509333/volkswagen-tiguan.html,Volkswagen,Tiguan,2018,166000 ,Diesel,Automatique,355000
https://www.moteur.ma/fr/voiture/achat-voiture-occasion/detail-annonce/509332/volkswagen-golf-6.html,Volkswagen,Golf 6,2011,240000 ,Essence,Automatique,122000
https://www.moteur.ma/fr/voiture/achat-voiture-occasion/detail-annonce/509331/kia-picanto.html,Kia,Picanto,2015,88000 ,Essence,Manuelle,88500
https://www.moteur.ma/fr/voiture/achat-voiture-occasion/detail-annonce/509330/renault-clio.html,Renault,Clio,2021,116 ,Diesel,Automatique,137000
https://www.moteur.ma/fr/voiture/achat-voiture-occasion/detail-annonce/509329/bmw-serie-4.html,BMW,Série 4,2026,740 ,Diesel,Automatique,600000
https://www.moteur.ma/fr/voiture/achat-voiture-occasion/detail-annonce/509328/peugeot-407.html,Peugeot,407,2006,334000 ,Diesel,Manuelle,63000
https://www.moteur.ma/fr/voiture/achat-voiture-occasion/detail-annonce/509327/hyundai-ix35.html,Hyundai,ix35,2014,210000 ,Diesel,Manuelle,135000
https://www.moteur.ma/fr/voiture/achat-voiture-occasion/detail-annonce/509326/renault-clio.html,Renault,Clio,2022,42000 ,Diesel,Manuelle,163000
https://www.moteur.ma/fr/voiture/achat-voiture-occasion/detail-annonce/509325/neo-motors-bvm.html,Neo Motors,BVM,2024,10 ,Essence,Manuelle,140000
https://www.moteur.ma/fr/voiture/achat-voiture-occasion/detail-annonce/509324/neo-motors-bvm.html,Neo Motors,BVM,2024,14000 ,Essence,Manuelle,145000
https://www.moteur.ma/fr/voiture/achat-voiture-occasion/detail-annonce/509323/fiat-panda.html,Fiat,Panda,2019,100393 ,Essence,Manuelle,84000
https://www.moteur.ma/fr/voiture/achat-voiture-occasion/detail-annonce/509322/renault-megane.html,Renault,Megane,2016,141000 ,Diesel,Automatique,120000
https://www.moteur.ma/fr/voiture/achat-voiture-occasion/detail-annonce/509321/land-rover-defender.html,Land Rover,Defender,2026,0 ,Diesel,Automatique,190000
https://www.moteur.ma/fr/voiture/achat-voiture-occasion/detail-annonce/509320/opel-corsa.html,Opel,Corsa,2023,120000 ,Diesel,Manuelle,130000
https://www.moteur.ma/fr/voiture/achat-voiture-occasion/detail-annonce/509319/seat-leon.html,Seat,Leon,2019,94000 ,Diesel,Manuelle,165000
https://www.moteur.ma/fr/voiture/achat-voiture-occasion/detail-annonce/509318/ford-kuga.html,Ford,Kuga,2020,45000 ,Diesel,Manuelle,220000
https://www.moteur.ma/fr/voiture/achat-voiture-occasion/detail-annonce/509317/mercedes-benz-220.html,Mercedes-Benz,220,2015,180 ,Diesel,Automatique,30000
https://www.moteur.ma/fr/voiture/achat-voiture-occasion/detail-annonce/509316/peugeot-407.html,Peugeot,407,2008,300000 ,Diesel,Manuelle,55000
https://www.moteur.ma/fr/voiture/achat-voiture-occasion/detail-annonce/509315/citroen-c5.html,Citroën,C5,2014,230000 ,Diesel,Automatique,105000
https://www.moteur.ma/fr/voiture/achat-voiture-occasion/detail-annonce/509314/mercedes-benz-classe-c.html,Mercedes-Benz,Classe C,2019,112000 ,Diesel,Automatique,399000
https://www.moteur.ma/fr/voiture/achat-voiture-occasion/detail-annonce/509313/volkswagen-polo.html,Volkswagen,Polo,2016,152130 ,Diesel,Manuelle,118000
https://www.moteur.ma/fr/voiture/achat-voiture-occasion/detail-annonce/509312/opel-corsa.html,Opel,Corsa,2022,76000 ,Essence,Manuelle,110000
https://www.moteur.ma/fr/voiture/achat-voiture-occasion/detail-annonce/509311/honda-jazz.html,Honda,Jazz,2010,23000 ,Essence,Manuelle,78000
https://www.moteur.ma/fr/voiture/achat-voiture-occasion/detail-annonce/509310/hyundai-i30.html,Hyundai,i30,2019,134589 ,Diesel,Manuelle,145000
https://www.moteur.ma/fr/voiture/achat-voiture-occasion/detail-annonce/509309/hyundai-tucson.html,Hyundai,Tucson,2009,249000 ,Diesel,Manuelle,79000
https://www.moteur.ma/fr/voiture/achat-voiture-occasion/detail-annonce/509308/volkswagen-golf-2.html,Volkswagen,Golf 2,1987,200000 ,Diesel,Manuelle,28000
https://www.moteur.ma/fr/voiture/achat-voiture-occasion/detail-annonce/509307/opel-corsa.html,Opel,Corsa,2022,76800 ,Essence,Manuelle,110000
https://www.moteur.ma/fr/voiture/achat-voiture-occasion/detail-annonce/509306/volvo-xc90.html,Volvo,XC90,2018,290000 ,Diesel,Automatique,300000
https://www.moteur.ma/fr/voiture/achat-voiture-occasion/detail-annonce/509305/kia-picanto.html,Kia,Picanto,2009,190000 ,Essence,Manuelle,64000
https://www.moteur.ma/fr/voiture/achat-voiture-occasion/detail-annonce/509304/dacia-duster.html,Dacia,Duster,2017,90000 ,Diesel,Manuelle,145000
https://www.moteur.ma/fr/voiture/achat-voiture-occasion/detail-annonce/509303/dacia-logan.html,Dacia,Logan,2010,170770 ,Diesel,Manuelle,67000
https://www.moteur.ma/fr/voiture/achat-voiture-occasion/detail-annonce/509302/opel-corsa.html,Opel,Corsa,2022,768000 ,Essence,Manuelle,110000
https://www.moteur.ma/fr/voiture/achat-voiture-occasion/detail-annonce/509301/dacia-duster.html,Dacia,Duster,2020,115000 ,Diesel,Manuelle,168000
https://www.moteur.ma/fr/voiture/achat-voiture-occasion/detail-annonce/509300/jaguar-xe.html,Jaguar,XE,2017,140000 ,Diesel,Automatique,200000
https://www.moteur.ma/fr/voiture/achat-voiture-occasion/detail-annonce/509299/renault-captur.html,Renault,Captur,2014,2494 ,Diesel,Manuelle,120000
https://www.moteur.ma/fr/voiture/achat-voiture-occasion/detail-annonce/509298/bmw-serie-1.html,BMW,Série 1,2022,95000 ,Diesel,Automatique,320000
https://www.moteur.ma/fr/voiture/achat-voiture-occasion/detail-annonce/509297/bmw-serie-5.html,BMW,Série 5,2022,114 ,Diesel,Automatique,365000
https://www.moteur.ma/fr/voiture/achat-voiture-occasion/detail-annonce/509296/mini-countryman.html,Mini,Countryman,2011,120000 ,Essence,Automatique,150000
https://www.moteur.ma/fr/voiture/achat-voiture-occasion/detail-annonce/509295/nissan-qashqai.html,Nissan,Qashqai,2017,87000 ,Diesel,Manuelle,190000
https://www.moteur.ma/fr/voiture/achat-voiture-occasion/detail-annonce/509294/maserati-quattroporte.html,Maserati,Quattroporte,2014,180000 ,Diesel,Automatique,250000
https://www.moteur.ma/fr/voiture/achat-voiture-occasion/detail-annonce/509293/fiat-palio.html,Fiat,Palio,1999,2000 ,Diesel,Manuelle,20000
https://www.moteur.ma/fr/voiture/achat-voiture-occasion/detail-annonce/509292/volkswagen-tiguan.html,Volkswagen,Tiguan,2025,12000 ,Diesel,Automatique,430000
https://www.moteur.ma/fr/voiture/achat-voiture-occasion/detail-annonce/509291/fiat-palio.html,Fiat,Palio,2000,280000 ,Essence,Manuelle,25000
https://www.moteur.ma/fr/voiture/achat-voiture-occasion/detail-annonce/509290/audi-a4.html,Audi,A4,2017,150000 ,Diesel,Automatique,300000
https://www.moteur.ma/fr/voiture/achat-voiture-occasion/detail-annonce/509289/citroen-berlingo.html,Citroën,Berlingo,2021,250 ,Diesel,Manuelle,62000
https://www.moteur.ma/fr/voiture/achat-voiture-occasion/detail-annonce/509288/kia-picanto.html,Kia,Picanto,2006,0 ,Essence,Manuelle,5
https://www.moteur.ma/fr/voiture/achat-voiture-occasion/detail-annonce/509287/bmw-serie-3.html,BMW,Série 3,2012,1000 ,Diesel,Manuelle,110000
https://www.moteur.ma/fr/voiture/achat-voiture-occasion/detail-annonce/509286/kia-picanto.html,Kia,Picanto,2006,888 ,Essence,Manuelle,500000
https://www.moteur.ma/fr/voiture/achat-voiture-occasion/detail-annonce/509285/cupra-formentor.html,Cupra,Formentor,2023,108 ,Diesel,Automatique,335000
https://www.moteur.ma/fr/voiture/achat-voiture-occasion/detail-annonce/509284/land-rover-discovery.html,Land Rover,Discovery,2020,86 ,Essence,Automatique,190000
https://www.moteur.ma/fr/voiture/achat-voiture-occasion/detail-annonce/509283/hyundai-tucson.html,Hyundai,Tucson,2023,155 ,Diesel,Automatique,290000
https://www.moteur.ma/fr/voiture/achat-voiture-occasion/detail-annonce/509282/hyundai-elantra.html,Hyundai,Elantra,2015,247000 ,Diesel,Automatique,115000
https://www.moteur.ma/fr/voiture/achat-voiture-occasion/detail-annonce/509281/toyota-corolla.html,Toyota,Corolla,2022,109 ,Hybride,Automatique,178000
https://www.moteur.ma/fr/voiture/achat-voiture-occasion/detail-annonce/509280/renault-clio.html,Renault,Clio,2019,165000 ,Diesel,Automatique,128000
https://www.moteur.ma/fr/voiture/achat-voiture-occasion/detail-annonce/509279/mercedes-benz-classe-glc.html,Mercedes-Benz,Classe GLC,2022,90000 ,Hybride,Automatique,600000
https://www.moteur.ma/fr/voiture/achat-voiture-occasion/detail-annonce/509278/jeep-cherokee.html,Jeep,Cherokee,2021,109 ,Diesel,Automatique,210000
https://www.moteur.ma/fr/voiture/achat-voiture-occasion/detail-annonce/509277/toyota-corolla.html,Toyota,Corolla,2022,109 ,Hybride,Automatique,178000
https://www.moteur.ma/fr/voiture/achat-voiture-occasion/detail-annonce/509276/renault-twingo.html,Renault,Twingo,2015,106000 ,Essence,Manuelle,80000
https://www.moteur.ma/fr/voiture/achat-voiture-occasion/detail-annonce/509275/renault-express.html,Renault,Express,2022,134000 ,Diesel,Manuelle,112000
https://www.moteur.ma/fr/voiture/achat-voiture-occasion/detail-annonce/509274/hyundai-galloper.html,Hyundai,Galloper,2000,200000 ,Diesel,Manuelle,40000
https://www.moteur.ma/fr/voiture/achat-voiture-occasion/detail-annonce/509273/peugeot-208.html,Peugeot,208,2018,240000 ,Diesel,Manuelle,118000
https://www.moteur.ma/fr/voiture/achat-voiture-occasion/detail-annonce/509272/dacia-duster.html,Dacia,Duster,2021,120 ,Diesel,Manuelle,79000
https://www.moteur.ma/fr/voiture/achat-voiture-occasion/detail-annonce/509271/mg-mg-3.html,MG,MG3,2015,92000 ,Essence,Manuelle,65000
https://www.moteur.ma/fr/voiture/achat-voiture-occasion/detail-annonce/509270/volkswagen-caddy.html,Volkswagen,Caddy,2018,180000 ,Diesel,Manuelle,135000
https://www.moteur.ma/fr/voiture/achat-voiture-occasion/detail-annonce/509269/volkswagen-tiguan.html,Volkswagen,Tiguan,2025,12000 ,Diesel,Automatique,430000
https://www.moteur.ma/fr/voiture/achat-voiture-occasion/detail-annonce/509268/autre-autre.html,Autre,Autre,2005,222 ,Diesel,Manuelle,63
https://www.moteur.ma/fr/voiture/achat-voiture-occasion/detail-annonce/509267/audi-a4.html,Audi,A4,2013,220 ,Diesel,Manuelle,149
https://www.moteur.ma/fr/voiture/achat-voiture-occasion/detail-annonce/509266/bmw-serie-1.html,BMW,Série 1,2019,100000 ,Diesel,Automatique,75000
https://www.moteur.ma/fr/voiture/achat-voiture-occasion/detail-annonce/509265/toyota-tercel.html,Toyota,Tercel,1998,180 ,Essence,Manuelle,25000
https://www.moteur.ma/fr/voiture/achat-voiture-occasion/detail-annonce/509264/renault-scenic.html,Renault,Scenic,2004,267000 ,Diesel,Manuelle,70000
https://www.moteur.ma/fr/voiture/achat-voiture-occasion/detail-annonce/509263/mercedes-benz-classe-a.html,Mercedes-Benz,Classe A,2021,170000 ,Diesel,Automatique,350000
https://www.moteur.ma/fr/voiture/achat-voiture-occasion/detail-annonce/509262/peugeot-208.html,Peugeot,208,2023,83000 ,Diesel,Manuelle,135000
https://www.moteur.ma/fr/voiture/achat-voiture-occasion/detail-annonce/509261/isuzu-tfr-pickup.html,Isuzu,TFR Pick-up,2003,290000 ,Diesel,Manuelle,100000
https://www.moteur.ma/fr/voiture/achat-voiture-occasion/detail-annonce/509260/audi-a4.html,Audi,A4,2013,220 ,Diesel,Manuelle,149000
https://www.moteur.ma/fr/voiture/achat-voiture-occasion/detail-annonce/509259/renault-clio.html,Renault,Clio,2015,190000 ,Diesel,Manuelle,110000
https://www.moteur.ma/fr/voiture/achat-voiture-occasion/detail-annonce/509258/volkswagen-golf-8.html,Volkswagen,Golf 8,2024,90000 ,Diesel,Automatique,295000
https://www.moteur.ma/fr/voiture/achat-voiture-occasion/detail-annonce/509257/jeep-renegade.html,Jeep,Renegade,2022,180 ,Diesel,Automatique,200000
https://www.moteur.ma/fr/voiture/achat-voiture-occasion/detail-annonce/509256/fiat-fiorino.html,Fiat,Fiorino,2021,0 ,Diesel,Manuelle,24000
https://www.moteur.ma/fr/voiture/achat-voiture-occasion/detail-annonce/509255/mercedes-benz-classe-a.html,Mercedes-Benz,Classe A,2024,30000 ,Diesel,Automatique,350000
https://www.moteur.ma/fr/voiture/achat-voiture-occasion/detail-annonce/509254/ford-fiesta.html,Ford,Fiesta,2019,125000 ,Essence,Manuelle,97000
https://www.moteur.ma/fr/voiture/achat-voiture-occasion/detail-annonce/509253/renault-express.html,Renault,Express,2022,150000 ,Diesel,Manuelle,15800
https://www.moteur.ma/fr/voiture/achat-voiture-occasion/detail-annonce/509252/dacia-dokker.html,Dacia,Dokker,2017,800252 ,Diesel,Manuelle,117000
https://www.moteur.ma/fr/voiture/achat-voiture-occasion/detail-annonce/509251/nissan-qashqai.html,Nissan,Qashqai,2017,150000 ,Diesel,Manuelle,159000
https://www.moteur.ma/fr/voiture/achat-voiture-occasion/detail-annonce/509250/chevrolet-kalos.html,Chevrolet,Kalos,2008,140 ,Essence,Manuelle,30000
https://www.moteur.ma/fr/voiture/achat-voiture-occasion/detail-annonce/509249/mercedes-benz-classe-gla.html,Mercedes-Benz,Classe GLA,2023,18500 ,Diesel,Automatique,40000
https://www.moteur.ma/fr/voiture/achat-voiture-occasion/detail-annonce/509248/renault-megane.html,Renault,Megane,2011,250000 ,Diesel,Manuelle,97000
https://www.moteur.ma/fr/voiture/achat-voiture-occasion/detail-annonce/509247/jeep-renegade.html,Jeep,Renegade,2022,180 ,Diesel,Automatique,200000
https://www.moteur.ma/fr/voiture/achat-voiture-occasion/detail-annonce/509246/toyota-verso.html,Toyota,Verso,2005,275000 ,Essence,Manuelle,72000
https://www.moteur.ma/fr/voiture/achat-voiture-occasion/detail-annonce/509245/volkswagen-polo.html,Volkswagen,Polo,1997,250000 ,Essence,Manuelle,49000
https://www.moteur.ma/fr/voiture/achat-voiture-occasion/detail-annonce/509244/volkswagen-golf-7.html,Volkswagen,Golf 7,2017,280000 ,Diesel,Automatique,168000
https://www.moteur.ma/fr/voiture/achat-voiture-occasion/detail-annonce/509243/jeep-renegade.html,Jeep,Renegade,2022,180 ,Diesel,Automatique,200000
https://www.moteur.ma/fr/voiture/achat-voiture-occasion/detail-annonce/509242/volvo-xc60.html,Volvo,XC60,2012,175000 ,Diesel,Automatique,98000
https://www.moteur.ma/fr/voiture/achat-voiture-occasion/detail-annonce/509241/bmw-serie-1.html,BMW,Série 1,2022,95000 ,Diesel,Automatique,355000
https://www.moteur.ma/fr/voiture/achat-voiture-occasion/detail-annonce/509240/land-rover-range-rover-sport.html,Land Rover,Range Rover Sport,2019,166000 ,Diesel,Automatique,190000
https://www.moteur.ma/fr/voiture/achat-voiture-occasion/detail-annonce/509239/audi-q5.html,Audi,Q5,2010,240000 ,Diesel,Manuelle,145000
https://www.moteur.ma/fr/voiture/achat-voiture-occasion/detail-annonce/509238/nissan-x-trail.html,Nissan,X-Trail,2016,186000 ,Diesel,Automatique,195000
https://www.moteur.ma/fr/voiture/achat-voiture-occasion/detail-annonce/509237/audi-q5.html,Audi,Q5,2010,240000 ,Diesel,Manuelle,145000
https://www.moteur.ma/fr/voiture/achat-voiture-occasion/detail-annonce/509236/peugeot-3008.html,Peugeot,3008,2022,90000 ,Diesel,Automatique,286000
https://www.moteur.ma/fr/voiture/achat-voiture-occasion/detail-annonce/509235/chery-qq.html,Chery,QQ,2007,133 ,Essence,Manuelle,33000
https://www.moteur.ma/fr/voiture/achat-voiture-occasion/detail-annonce/509234/hyundai-tucson.html,Hyundai,Tucson,2007,300000 ,Diesel,Manuelle,70000
https://www.moteur.ma/fr/voiture/achat-voiture-occasion/detail-annonce/509233/opel-corsa.html,Opel,Corsa,2004,350000 ,Diesel,Manuelle,67000
https://www.moteur.ma/fr/voiture/achat-voiture-occasion/detail-annonce/509232/renault-express.html,Renault,Express,2022,92000 ,Essence,Manuelle,155000
https://www.moteur.ma/fr/voiture/achat-voiture-occasion/detail-annonce/509231/nissan-qashqai.html,Nissan,Qashqai,2016,177000 ,Diesel,Automatique,182000
https://www.moteur.ma/fr/voiture/achat-voiture-occasion/detail-annonce/509230/peugeot-partner.html,Peugeot,Partner,2012,300000 ,Diesel,Manuelle,73000
https://www.moteur.ma/fr/voiture/achat-voiture-occasion/detail-annonce/509229/volkswagen-tiguan.html,Volkswagen,Tiguan,2019,125000 ,Diesel,Manuelle,280000
https://www.moteur.ma/fr/voiture/achat-voiture-occasion/detail-annonce/509228/volkswagen-tiguan.html,Volkswagen,Tiguan,2021,79500 ,Diesel,Automatique,490000
https://www.moteur.ma/fr/voiture/achat-voiture-occasion/detail-annonce/509227/hyundai-tucson.html,Hyundai,Tucson,2022,88000 ,Diesel,Manuelle,235000
https://www.moteur.ma/fr/voiture/achat-voiture-occasion/detail-annonce/509226/dacia-sandero.html,Dacia,Sandero,2010,230000 ,Diesel,Manuelle,70000
https://www.moteur.ma/fr/voiture/achat-voiture-occasion/detail-annonce/509225/peugeot-107.html,Peugeot,107,2011,120000 ,Essence,Manuelle,59000
https://www.moteur.ma/fr/voiture/achat-voiture-occasion/detail-annonce/509224/autre-autre.html,Autre,Autre,2021,27 ,Diesel,Manuelle,63
https://www.moteur.ma/fr/voiture/achat-voiture-occasion/detail-annonce/509223/dacia-logan.html,Dacia,Logan,2025,9216 ,Diesel,Manuelle,165000
https://www.moteur.ma/fr/voiture/achat-voiture-occasion/detail-annonce/509222/fiat-500.html,Fiat,500,2018,46000 ,Essence,Manuelle,116000
https://www.moteur.ma/fr/voiture/achat-voiture-occasion/detail-annonce/509221/toyota-hilux.html,Toyota,Hilux,2011,300000 ,Diesel,Manuelle,157000
https://www.moteur.ma/fr/voiture/achat-voiture-occasion/detail-annonce/509220/renault-kangoo.html,Renault,Kangoo,2012,300000 ,Diesel,Manuelle,680000
https://www.moteur.ma/fr/voiture/achat-voiture-occasion/detail-annonce/509219/ford-fiesta.html,Ford,Fiesta,2016,110000 ,Diesel,Manuelle,106000
https://www.moteur.ma/fr/voiture/achat-voiture-occasion/detail-annonce/509218/bmw-z3.html,BMW,Z3,2007,180000 ,Essence,Automatique,37000
https://www.moteur.ma/fr/voiture/achat-voiture-occasion/detail-annonce/509217/kia-sportage.html,Kia,Sportage,2025,42000 ,Diesel,Automatique,273000
https://www.moteur.ma/fr/voiture/achat-voiture-occasion/detail-annonce/509216/dacia-sandero.html,Dacia,Sandero,2021,63000 ,Diesel,Manuelle,130000
https://www.moteur.ma/fr/voiture/achat-voiture-occasion/detail-annonce/509215/suzuki-carry.html,Suzuki,Carry,1989,170002 ,Essence,Manuelle,35000
https://www.moteur.ma/fr/voiture/achat-voiture-occasion/detail-annonce/509214/renault-kadjar.html,Renault,Kadjar,2019,62000 ,Diesel,Manuelle,188000
https://www.moteur.ma/fr/voiture/achat-voiture-occasion/detail-annonce/509213/volkswagen-touareg.html,Volkswagen,Touareg,2015,156000 ,Diesel,Automatique,165000
https://www.moteur.ma/fr/voiture/achat-voiture-occasion/detail-annonce/509212/volkswagen-tiguan.html,Volkswagen,Tiguan,2018,121000 ,Diesel,Automatique,290000
https://www.moteur.ma/fr/voiture/achat-voiture-occasion/detail-annonce/509211/dacia-logan.html,Dacia,Logan,2019,150000 ,Diesel,Automatique,79000
https://www.moteur.ma/fr/voiture/achat-voiture-occasion/detail-annonce/509210/jeep-renegade.html,Jeep,Renegade,2021,94000 ,Diesel,Automatique,200000
https://www.moteur.ma/fr/voiture/achat-voiture-occasion/detail-annonce/509209/renault-clio.html,Renault,Clio,2021,78000 ,Diesel,Manuelle,85000
https://www.moteur.ma/fr/voiture/achat-voiture-occasion/detail-annonce/509208/land-rover-range-rover-sport.html,Land Rover,Range Rover Sport,2019,166000 ,Diesel,Automatique,190000
https://www.moteur.ma/fr/voiture/achat-voiture-occasion/detail-annonce/509207/volkswagen-golf-7.html,Volkswagen,Golf 7,2017,69673 ,Diesel,Automatique,210000
https://www.moteur.ma/fr/voiture/achat-voiture-occasion/detail-annonce/509206/lexus-nx.html,Lexus,NX,2023,21000 ,Hybride,Automatique,370000
https://www.moteur.ma/fr/voiture/achat-voiture-occasion/detail-annonce/509205/nissan-qashqai.html,Nissan,Qashqai,2017,192000 ,Diesel,Automatique,190000
https://www.moteur.ma/fr/voiture/achat-voiture-occasion/detail-annonce/509204/mercedes-benz-220.html,Mercedes-Benz,220,2014,280000 ,Diesel,Automatique,710000
https://www.moteur.ma/fr/voiture/achat-voiture-occasion/detail-annonce/509203/citroen-jumper.html,Citroën,Jumper,2021,221000 ,Diesel,Manuelle,200000
https://www.moteur.ma/fr/voiture/achat-voiture-occasion/detail-annonce/509202/jeep-renegade.html,Jeep,Renegade,2021,94000 ,Diesel,Automatique,200000
https://www.moteur.ma/fr/voiture/achat-voiture-occasion/detail-annonce/509201/renault-clio.html,Renault,Clio,2018,90136 ,Diesel,Manuelle,109000
https://www.moteur.ma/fr/voiture/achat-voiture-occasion/detail-annonce/509200/peugeot-207.html,Peugeot,207,2010,18000 ,Diesel,Manuelle,70000
https://www.moteur.ma/fr/voiture/achat-voiture-occasion/detail-annonce/509199/mercedes-benz-220.html,Mercedes-Benz,220,2005,380000 ,Diesel,Manuelle,110000
https://www.moteur.ma/fr/voiture/achat-voiture-occasion/detail-annonce/509198/audi-a1.html,Audi,A1,2012,120000 ,Diesel,Manuelle,128000
https://www.moteur.ma/fr/voiture/achat-voiture-occasion/detail-annonce/509197/autre-autre.html,Autre,Autre,2025,0 ,Essence,Manuelle,63
https://www.moteur.ma/fr/voiture/achat-voiture-occasion/detail-annonce/509196/jaguar-xf.html,Jaguar,XF,2018,148000 ,Diesel,Automatique,235000
https://www.moteur.ma/fr/voiture/achat-voiture-occasion/detail-annonce/509195/opel-grandland.html,Opel,Grandland,2020,136000 ,Diesel,Manuelle,178000
https://www.moteur.ma/fr/voiture/achat-voiture-occasion/detail-annonce/509194/dacia-sandero.html,Dacia,Sandero,2013,163000 ,Diesel,Manuelle,75000
https://www.moteur.ma/fr/voiture/achat-voiture-occasion/detail-annonce/509193/hyundai-i20.html,Hyundai,i20,2023,20000 ,Essence,Manuelle,250000
https://www.moteur.ma/fr/voiture/achat-voiture-occasion/detail-annonce/509192/volkswagen-tiguan.html,Volkswagen,Tiguan,2018,182000 ,Diesel,Automatique,240000
https://www.moteur.ma/fr/voiture/achat-voiture-occasion/detail-annonce/509191/mercedes-benz-classe-gla.html,Mercedes-Benz,Classe GLA,2016,183000 ,Diesel,Automatique,198000
https://www.moteur.ma/fr/voiture/achat-voiture-occasion/detail-annonce/509190/volkswagen-tiguan.html,Volkswagen,Tiguan,2018,68000 ,Diesel,Manuelle,300000
https://www.moteur.ma/fr/voiture/achat-voiture-occasion/detail-annonce/509209/renault-clio.html,Renault,Clio,2021,78000 ,Diesel,Manuelle,105000
https://www.moteur.ma/fr/voiture/achat-voiture-occasion/detail-annonce/509208/land-rover-range-rover-sport.html,Land Rover,Range Rover Sport,2019,166000 ,Diesel,Automatique,190000
https://www.moteur.ma/fr/voiture/achat-voiture-occasion/detail-annonce/509207/volkswagen-golf-7.html,Volkswagen,Golf 7,2017,69673 ,Diesel,Automatique,210000
https://www.moteur.ma/fr/voiture/achat-voiture-occasion/detail-annonce/509206/lexus-nx.html,Lexus,NX,2023,21000 ,Hybride,Automatique,370000
https://www.moteur.ma/fr/voiture/achat-voiture-occasion/detail-annonce/509205/nissan-qashqai.html,Nissan,Qashqai,2017,192000 ,Diesel,Automatique,190000
https://www.moteur.ma/fr/voiture/achat-voiture-occasion/detail-annonce/509204/mercedes-benz-220.html,Mercedes-Benz,220,2014,280000 ,Diesel,Automatique,710000
https://www.moteur.ma/fr/voiture/achat-voiture-occasion/detail-annonce/509203/citroen-jumper.html,Citroën,Jumper,2021,221000 ,Diesel,Manuelle,200000
https://www.moteur.ma/fr/voiture/achat-voiture-occasion/detail-annonce/509202/jeep-renegade.html,Jeep,Renegade,2021,94000 ,Diesel,Automatique,200000
https://www.moteur.ma/fr/voiture/achat-voiture-occasion/detail-annonce/509201/renault-clio.html,Renault,Clio,2018,90136 ,Diesel,Manuelle,109000
https://www.moteur.ma/fr/voiture/achat-voiture-occasion/detail-annonce/509200/peugeot-207.html,Peugeot,207,2010,18000 ,Diesel,Manuelle,70000
https://www.moteur.ma/fr/voiture/achat-voiture-occasion/detail-annonce/509199/mercedes-benz-220.html,Mercedes-Benz,220,2005,380000 ,Diesel,Manuelle,110000
https://www.moteur.ma/fr/voiture/achat-voiture-occasion/detail-annonce/509198/audi-a1.html,Audi,A1,2012,120000 ,Diesel,Manuelle,128000
https://www.moteur.ma/fr/voiture/achat-voiture-occasion/detail-annonce/509197/autre-autre.html,Autre,Autre,2025,0 ,Essence,Manuelle,63
https://www.moteur.ma/fr/voiture/achat-voiture-occasion/detail-annonce/509196/jaguar-xf.html,Jaguar,XF,2018,148000 ,Diesel,Automatique,235000
https://www.moteur.ma/fr/voiture/achat-voiture-occasion/detail-annonce/509195/opel-grandland.html,Opel,Grandland,2020,136000 ,Diesel,Manuelle,178000
https://www.moteur.ma/fr/voiture/achat-voiture-occasion/detail-annonce/509194/dacia-sandero.html,Dacia,Sandero,2013,163000 ,Diesel,Manuelle,75000
https://www.moteur.ma/fr/voiture/achat-voiture-occasion/detail-annonce/509193/hyundai-i20.html,Hyundai,i20,2023,20000 ,Essence,Manuelle,250000
https://www.moteur.ma/fr/voiture/achat-voiture-occasion/detail-annonce/509192/volkswagen-tiguan.html,Volkswagen,Tiguan,2018,182000 ,Diesel,Automatique,240000
https://www.moteur.ma/fr/voiture/achat-voiture-occasion/detail-annonce/509191/mercedes-benz-classe-gla.html,Mercedes-Benz,Classe GLA,2016,183000 ,Diesel,Automatique,198000
https://www.moteur.ma/fr/voiture/achat-voiture-occasion/detail-annonce/509190/volkswagen-tiguan.html,Volkswagen,Tiguan,2018,68000 ,Diesel,Manuelle,300000
https://www.moteur.ma/fr/voiture/achat-voiture-occasion/detail-annonce/509189/peugeot-308.html,Peugeot,308,2021,56000 ,Diesel,Automatique,200000
https://www.moteur.ma/fr/voiture/achat-voiture-occasion/detail-annonce/509188/dacia-logan.html,Dacia,Logan,2010,258000 ,Diesel,Automatique,62000
https://www.moteur.ma/fr/voiture/achat-voiture-occasion/detail-annonce/509187/peugeot-3008.html,Peugeot,3008,2018,157 ,Diesel,Manuelle,185000
https://www.moteur.ma/fr/voiture/achat-voiture-occasion/detail-annonce/509186/volkswagen-tiguan.html,Volkswagen,Tiguan,2022,129000 ,Diesel,Automatique,350000
https://www.moteur.ma/fr/voiture/achat-voiture-occasion/detail-annonce/509185/dacia-logan.html,Dacia,Logan,2000,258000 ,Diesel,Manuelle,172000
https://www.moteur.ma/fr/voiture/achat-voiture-occasion/detail-annonce/509184/bmw-serie-3.html,BMW,Série 3,2008,175589 ,Diesel,Automatique,80000
https://www.moteur.ma/fr/voiture/achat-voiture-occasion/detail-annonce/509183/peugeot-207.html,Peugeot,207,2012,180000 ,Diesel,Manuelle,88000
https://www.moteur.ma/fr/voiture/achat-voiture-occasion/detail-annonce/509182/nissan-sunny.html,Nissan,Sunny,2006,64093 ,Essence,Manuelle,40000
https://www.moteur.ma/fr/voiture/achat-voiture-occasion/detail-annonce/509181/audi-a4.html,Audi,A4,2010,240000 ,Diesel,Automatique,72000
https://www.moteur.ma/fr/voiture/achat-voiture-occasion/detail-annonce/509180/renault-clio.html,Renault,Clio,2023,60000 ,Diesel,Manuelle,105000
https://www.moteur.ma/fr/voiture/achat-voiture-occasion/detail-annonce/509179/dacia-sandero.html,Dacia,Sandero,2023,208000 ,Diesel,Manuelle,117000
https://www.moteur.ma/fr/voiture/achat-voiture-occasion/detail-annonce/509178/renault-clio.html,Renault,Clio,2020,150 ,Diesel,Manuelle,115000
https://www.moteur.ma/fr/voiture/achat-voiture-occasion/detail-annonce/509177/jaguar-f-pace.html,Jaguar,F-Pace,2017,149000 ,Diesel,Automatique,246000
https://www.moteur.ma/fr/voiture/achat-voiture-occasion/detail-annonce/509176/dacia-duster.html,Dacia,Duster,2025,70000 ,Diesel,Manuelle,240000
https://www.moteur.ma/fr/voiture/achat-voiture-occasion/detail-annonce/509175/citroen-c5.html,Citroën,C5,2003,80000 ,Diesel,Manuelle,48000
https://www.moteur.ma/fr/voiture/achat-voiture-occasion/detail-annonce/509174/ford-transit.html,Ford,Transit,1991,300000 ,Diesel,Manuelle,80000
https://www.moteur.ma/fr/voiture/achat-voiture-occasion/detail-annonce/509173/toyota-c-hr.html,Toyota,C-HR,2023,21000 ,Essence,Automatique,230000
https://www.moteur.ma/fr/voiture/achat-voiture-occasion/detail-annonce/509172/dacia-dokker.html,Dacia,Dokker,2016,175000 ,Diesel,Manuelle,135000
https://www.moteur.ma/fr/voiture/achat-voiture-occasion/detail-annonce/509171/mercedes-benz-classe-e.html,Mercedes-Benz,Classe E,2015,140000 ,Diesel,Automatique,130000
https://www.moteur.ma/fr/voiture/achat-voiture-occasion/detail-annonce/509170/mercedes-benz-classe-c.html,Mercedes-Benz,Classe C,2011,264000 ,Diesel,Automatique,155000
https://www.moteur.ma/fr/voiture/achat-voiture-occasion/detail-annonce/509169/toyota-rav-4.html,Toyota,RAV-4,2010,170000 ,Diesel,Automatique,70000
https://www.moteur.ma/fr/voiture/achat-voiture-occasion/detail-annonce/509168/dacia-logan.html,Dacia,Logan,2018,156000 ,Diesel,Manuelle,100000
https://www.moteur.ma/fr/voiture/achat-voiture-occasion/detail-annonce/509167/dacia-logan.html,Dacia,Logan,2018,180000 ,Diesel,Manuelle,172000
https://www.moteur.ma/fr/voiture/achat-voiture-occasion/detail-annonce/509166/skoda-octavia.html,Skoda,Octavia,2017,159000 ,Diesel,Manuelle,165000
https://www.moteur.ma/fr/voiture/achat-voiture-occasion/detail-annonce/509165/peugeot-206.html,Peugeot,206,2006,23500 ,Diesel,Manuelle,46000
https://www.moteur.ma/fr/voiture/achat-voiture-occasion/detail-annonce/509164/audi-q3-sportback.html,Audi,Q3 Sportback,2012,130000 ,Diesel,Automatique,230000
https://www.moteur.ma/fr/voiture/achat-voiture-occasion/detail-annonce/509163/hyundai-tucson.html,Hyundai,Tucson,2022,129000 ,Diesel,Manuelle,260000
https://www.moteur.ma/fr/voiture/achat-voiture-occasion/detail-annonce/509162/dacia-sandero.html,Dacia,Sandero,2024,63000 ,Diesel,Manuelle,176000
https://www.moteur.ma/fr/voiture/achat-voiture-occasion/detail-annonce/509161/renault-clio.html,Renault,Clio,2016,190000 ,Diesel,Manuelle,110000
https://www.moteur.ma/fr/voiture/achat-voiture-occasion/detail-annonce/509160/fiat-albea.html,Fiat,Albea,2009,160 ,Essence,Manuelle,39000
https://www.moteur.ma/fr/voiture/achat-voiture-occasion/detail-annonce/509159/opel-astra.html,Opel,Astra,2020,107000 ,Diesel,Automatique,160000
https://www.moteur.ma/fr/voiture/achat-voiture-occasion/detail-annonce/509158/dacia-duster.html,Dacia,Duster,2022,80000 ,Diesel,Automatique,172000
https://www.moteur.ma/fr/voiture/achat-voiture-occasion/detail-annonce/509157/audi-q3.html,Audi,Q3,2017,103000 ,Diesel,Automatique,245000
https://www.moteur.ma/fr/voiture/achat-voiture-occasion/detail-annonce/509156/fiat-500.html,Fiat,500,2014,119000 ,Essence,Manuelle,78000
https://www.moteur.ma/fr/voiture/achat-voiture-occasion/detail-annonce/509155/mercedes-benz-classe-cla.html,Mercedes-Benz,Classe CLA,2014,255000 ,Diesel,Automatique,710000
https://www.moteur.ma/fr/voiture/achat-voiture-occasion/detail-annonce/509154/renault-clio.html,Renault,Clio,2008,325000 ,Essence,Manuelle,59000
https://www.moteur.ma/fr/voiture/achat-voiture-occasion/detail-annonce/509153/land-rover-range-rover-evoque.html,Land Rover,Range Rover Evoque,2013,263000 ,Diesel,Automatique,190000
https://www.moteur.ma/fr/voiture/achat-voiture-occasion/detail-annonce/509152/dacia-logan.html,Dacia,Logan,2018,156000 ,Diesel,Manuelle,100000
https://www.moteur.ma/fr/voiture/achat-voiture-occasion/detail-annonce/509151/dacia-logan.html,Dacia,Logan,2006,366000 ,Diesel,Manuelle,75000
https://www.moteur.ma/fr/voiture/achat-voiture-occasion/detail-annonce/509150/skoda-octavia.html,Skoda,Octavia,2026,10900 ,Diesel,Automatique,310000
https://www.moteur.ma/fr/voiture/achat-voiture-occasion/detail-annonce/509149/volkswagen-touareg.html,Volkswagen,Touareg,2023,150000 ,Diesel,Automatique,355000
https://www.moteur.ma/fr/voiture/achat-voiture-occasion/detail-annonce/509148/renault-clio.html,Renault,Clio,2019,178000 ,Diesel,Automatique,129500
https://www.moteur.ma/fr/voiture/achat-voiture-occasion/detail-annonce/509147/audi-q7.html,Audi,Q7,2009,145000 ,Diesel,Automatique,45000
https://www.moteur.ma/fr/voiture/achat-voiture-occasion/detail-annonce/509146/bmw-serie-5.html,BMW,Série 5,2016,275 ,Diesel,Automatique,370000
https://www.moteur.ma/fr/voiture/achat-voiture-occasion/detail-annonce/509145/peugeot-207.html,Peugeot,207,2008,170000 ,Essence,Automatique,35000
https://www.moteur.ma/fr/voiture/achat-voiture-occasion/detail-annonce/509144/dacia-sandero.html,Dacia,Sandero,2021,70000 ,Diesel,Manuelle,172000
https://www.moteur.ma/fr/voiture/achat-voiture-occasion/detail-annonce/509143/fiat-punto.html,Fiat,Punto,2016,170000 ,Diesel,Manuelle,98000
https://www.moteur.ma/fr/voiture/achat-voiture-occasion/detail-annonce/509142/volkswagen-touran.html,Volkswagen,Touran,2009,308000 ,Diesel,Manuelle,117000
https://www.moteur.ma/fr/voiture/achat-voiture-occasion/detail-annonce/509141/opel-astra.html,Opel,Astra,2020,107000 ,Diesel,Automatique,160000
https://www.moteur.ma/fr/voiture/achat-voiture-occasion/detail-annonce/509140/peugeot-308.html,Peugeot,308,2023,100 ,Diesel,Automatique,245000
